{
    "AA": 9.439874147,
    "AS": 2.072709709,
    "B6": 11.98323727,
    "DL": 7.885715742,
    "EV": 8.892906746,
    "F9": 14.19370912,
    "HA": 0.680435572,
    "MQ": 10.61490817,
    "NK": 16.59805278,
    "OO": 8.18582031,
    "UA": 14.98564164,
    "US": 6.367435831,
    "VX": 9.503457566,
    "WN": 10.96750446
}
